{
  "hash": "e969e77a",
  "configHash": "8360d51d",
  "lockfileHash": "981ef643",
  "browserHash": "eafb743c",
  "optimized": {
    "@angular/common": {
      "src": "../../../../../../node_modules/@angular/common/fesm2022/common.mjs",
      "file": "@angular_common.js",
      "fileHash": "07a8aeed",
      "needsInterop": false
    },
    "@angular/core": {
      "src": "../../../../../../node_modules/@angular/core/fesm2022/core.mjs",
      "file": "@angular_core.js",
      "fileHash": "ac1a4d4d",
      "needsInterop": false
    },
    "@angular/forms": {
      "src": "../../../../../../node_modules/@angular/forms/fesm2022/forms.mjs",
      "file": "@angular_forms.js",
      "fileHash": "1ed714e5",
      "needsInterop": false
    },
    "@angular/platform-browser": {
      "src": "../../../../../../node_modules/@angular/platform-browser/fesm2022/platform-browser.mjs",
      "file": "@angular_platform-browser.js",
      "fileHash": "60b316cf",
      "needsInterop": false
    },
    "@angular/router": {
      "src": "../../../../../../node_modules/@angular/router/fesm2022/router.mjs",
      "file": "@angular_router.js",
      "fileHash": "80d373dd",
      "needsInterop": false
    },
    "ngx-cookie-service": {
      "src": "../../../../../../node_modules/ngx-cookie-service/fesm2022/ngx-cookie-service.mjs",
      "file": "ngx-cookie-service.js",
      "fileHash": "3876a3e5",
      "needsInterop": false
    }
  },
  "chunks": {
    "chunk-NJGT5AFO": {
      "file": "chunk-NJGT5AFO.js"
    },
    "chunk-2WDSK4Z4": {
      "file": "chunk-2WDSK4Z4.js"
    },
    "chunk-PR7BJRWE": {
      "file": "chunk-PR7BJRWE.js"
    }
  }
}